<application>
  <component name="ProjectJdkTable">
    <jdk version="2">
      <name value="11" />
      <type value="JavaSDK" />
      <version value="java version &quot;11.0.11&quot;" />
      <homePath value="/usr/lib/jvm/adoptopenjdk-11-hotspot-amd64" />
      <roots>
        <annotationsPath>
          <root type="composite">
            <root url="jar://$APPLICATION_HOME_DIR$/plugins/java/lib/resources/jdkAnnotations.jar!/" type="simple" />
          </root>
        </annotationsPath>
        <classPath>
          <root type="composite">
            <root url="jrt:///usr/lib/jvm/adoptopenjdk-11-hotspot-amd64!/java.base" type="simple" />
            <root url="jrt:///usr/lib/jvm/adoptopenjdk-11-hotspot-amd64!/java.compiler" type="simple" />
            <root url="jrt:///usr/lib/jvm/adoptopenjdk-11-hotspot-amd64!/java.datatransfer" type="simple" />
            <root url="jrt:///usr/lib/jvm/adoptopenjdk-11-hotspot-amd64!/java.desktop" type="simple" />
            <root url="jrt:///usr/lib/jvm/adoptopenjdk-11-hotspot-amd64!/java.instrument" type="simple" />
            <root url="jrt:///usr/lib/jvm/adoptopenjdk-11-hotspot-amd64!/java.logging" type="simple" />
            <root url="jrt:///usr/lib/jvm/adoptopenjdk-11-hotspot-amd64!/java.management" type="simple" />
            <root url="jrt:///usr/lib/jvm/adoptopenjdk-11-hotspot-amd64!/java.management.rmi" type="simple" />
            <root url="jrt:///usr/lib/jvm/adoptopenjdk-11-hotspot-amd64!/java.naming" type="simple" />
            <root url="jrt:///usr/lib/jvm/adoptopenjdk-11-hotspot-amd64!/java.net.http" type="simple" />
            <root url="jrt:///usr/lib/jvm/adoptopenjdk-11-hotspot-amd64!/java.prefs" type="simple" />
            <root url="jrt:///usr/lib/jvm/adoptopenjdk-11-hotspot-amd64!/java.rmi" type="simple" />
            <root url="jrt:///usr/lib/jvm/adoptopenjdk-11-hotspot-amd64!/java.scripting" type="simple" />
            <root url="jrt:///usr/lib/jvm/adoptopenjdk-11-hotspot-amd64!/java.se" type="simple" />
            <root url="jrt:///usr/lib/jvm/adoptopenjdk-11-hotspot-amd64!/java.security.jgss" type="simple" />
            <root url="jrt:///usr/lib/jvm/adoptopenjdk-11-hotspot-amd64!/java.security.sasl" type="simple" />
            <root url="jrt:///usr/lib/jvm/adoptopenjdk-11-hotspot-amd64!/java.smartcardio" type="simple" />
            <root url="jrt:///usr/lib/jvm/adoptopenjdk-11-hotspot-amd64!/java.sql" type="simple" />
            <root url="jrt:///usr/lib/jvm/adoptopenjdk-11-hotspot-amd64!/java.sql.rowset" type="simple" />
            <root url="jrt:///usr/lib/jvm/adoptopenjdk-11-hotspot-amd64!/java.transaction.xa" type="simple" />
            <root url="jrt:///usr/lib/jvm/adoptopenjdk-11-hotspot-amd64!/java.xml" type="simple" />
            <root url="jrt:///usr/lib/jvm/adoptopenjdk-11-hotspot-amd64!/java.xml.crypto" type="simple" />
            <root url="jrt:///usr/lib/jvm/adoptopenjdk-11-hotspot-amd64!/jdk.accessibility" type="simple" />
            <root url="jrt:///usr/lib/jvm/adoptopenjdk-11-hotspot-amd64!/jdk.aot" type="simple" />
            <root url="jrt:///usr/lib/jvm/adoptopenjdk-11-hotspot-amd64!/jdk.attach" type="simple" />
            <root url="jrt:///usr/lib/jvm/adoptopenjdk-11-hotspot-amd64!/jdk.charsets" type="simple" />
            <root url="jrt:///usr/lib/jvm/adoptopenjdk-11-hotspot-amd64!/jdk.compiler" type="simple" />
            <root url="jrt:///usr/lib/jvm/adoptopenjdk-11-hotspot-amd64!/jdk.crypto.cryptoki" type="simple" />
            <root url="jrt:///usr/lib/jvm/adoptopenjdk-11-hotspot-amd64!/jdk.crypto.ec" type="simple" />
            <root url="jrt:///usr/lib/jvm/adoptopenjdk-11-hotspot-amd64!/jdk.dynalink" type="simple" />
            <root url="jrt:///usr/lib/jvm/adoptopenjdk-11-hotspot-amd64!/jdk.editpad" type="simple" />
            <root url="jrt:///usr/lib/jvm/adoptopenjdk-11-hotspot-amd64!/jdk.hotspot.agent" type="simple" />
            <root url="jrt:///usr/lib/jvm/adoptopenjdk-11-hotspot-amd64!/jdk.httpserver" type="simple" />
            <root url="jrt:///usr/lib/jvm/adoptopenjdk-11-hotspot-amd64!/jdk.internal.ed" type="simple" />
            <root url="jrt:///usr/lib/jvm/adoptopenjdk-11-hotspot-amd64!/jdk.internal.jvmstat" type="simple" />
            <root url="jrt:///usr/lib/jvm/adoptopenjdk-11-hotspot-amd64!/jdk.internal.le" type="simple" />
            <root url="jrt:///usr/lib/jvm/adoptopenjdk-11-hotspot-amd64!/jdk.internal.opt" type="simple" />
            <root url="jrt:///usr/lib/jvm/adoptopenjdk-11-hotspot-amd64!/jdk.internal.vm.ci" type="simple" />
            <root url="jrt:///usr/lib/jvm/adoptopenjdk-11-hotspot-amd64!/jdk.internal.vm.compiler" type="simple" />
            <root url="jrt:///usr/lib/jvm/adoptopenjdk-11-hotspot-amd64!/jdk.internal.vm.compiler.management" type="simple" />
            <root url="jrt:///usr/lib/jvm/adoptopenjdk-11-hotspot-amd64!/jdk.jartool" type="simple" />
            <root url="jrt:///usr/lib/jvm/adoptopenjdk-11-hotspot-amd64!/jdk.javadoc" type="simple" />
            <root url="jrt:///usr/lib/jvm/adoptopenjdk-11-hotspot-amd64!/jdk.jcmd" type="simple" />
            <root url="jrt:///usr/lib/jvm/adoptopenjdk-11-hotspot-amd64!/jdk.jconsole" type="simple" />
            <root url="jrt:///usr/lib/jvm/adoptopenjdk-11-hotspot-amd64!/jdk.jdeps" type="simple" />
            <root url="jrt:///usr/lib/jvm/adoptopenjdk-11-hotspot-amd64!/jdk.jdi" type="simple" />
            <root url="jrt:///usr/lib/jvm/adoptopenjdk-11-hotspot-amd64!/jdk.jdwp.agent" type="simple" />
            <root url="jrt:///usr/lib/jvm/adoptopenjdk-11-hotspot-amd64!/jdk.jfr" type="simple" />
            <root url="jrt:///usr/lib/jvm/adoptopenjdk-11-hotspot-amd64!/jdk.jlink" type="simple" />
            <root url="jrt:///usr/lib/jvm/adoptopenjdk-11-hotspot-amd64!/jdk.jshell" type="simple" />
            <root url="jrt:///usr/lib/jvm/adoptopenjdk-11-hotspot-amd64!/jdk.jsobject" type="simple" />
            <root url="jrt:///usr/lib/jvm/adoptopenjdk-11-hotspot-amd64!/jdk.jstatd" type="simple" />
            <root url="jrt:///usr/lib/jvm/adoptopenjdk-11-hotspot-amd64!/jdk.localedata" type="simple" />
            <root url="jrt:///usr/lib/jvm/adoptopenjdk-11-hotspot-amd64!/jdk.management" type="simple" />
            <root url="jrt:///usr/lib/jvm/adoptopenjdk-11-hotspot-amd64!/jdk.management.agent" type="simple" />
            <root url="jrt:///usr/lib/jvm/adoptopenjdk-11-hotspot-amd64!/jdk.management.jfr" type="simple" />
            <root url="jrt:///usr/lib/jvm/adoptopenjdk-11-hotspot-amd64!/jdk.naming.dns" type="simple" />
            <root url="jrt:///usr/lib/jvm/adoptopenjdk-11-hotspot-amd64!/jdk.naming.ldap" type="simple" />
            <root url="jrt:///usr/lib/jvm/adoptopenjdk-11-hotspot-amd64!/jdk.naming.rmi" type="simple" />
            <root url="jrt:///usr/lib/jvm/adoptopenjdk-11-hotspot-amd64!/jdk.net" type="simple" />
            <root url="jrt:///usr/lib/jvm/adoptopenjdk-11-hotspot-amd64!/jdk.pack" type="simple" />
            <root url="jrt:///usr/lib/jvm/adoptopenjdk-11-hotspot-amd64!/jdk.rmic" type="simple" />
            <root url="jrt:///usr/lib/jvm/adoptopenjdk-11-hotspot-amd64!/jdk.scripting.nashorn" type="simple" />
            <root url="jrt:///usr/lib/jvm/adoptopenjdk-11-hotspot-amd64!/jdk.scripting.nashorn.shell" type="simple" />
            <root url="jrt:///usr/lib/jvm/adoptopenjdk-11-hotspot-amd64!/jdk.sctp" type="simple" />
            <root url="jrt:///usr/lib/jvm/adoptopenjdk-11-hotspot-amd64!/jdk.security.auth" type="simple" />
            <root url="jrt:///usr/lib/jvm/adoptopenjdk-11-hotspot-amd64!/jdk.security.jgss" type="simple" />
            <root url="jrt:///usr/lib/jvm/adoptopenjdk-11-hotspot-amd64!/jdk.unsupported" type="simple" />
            <root url="jrt:///usr/lib/jvm/adoptopenjdk-11-hotspot-amd64!/jdk.unsupported.desktop" type="simple" />
            <root url="jrt:///usr/lib/jvm/adoptopenjdk-11-hotspot-amd64!/jdk.xml.dom" type="simple" />
            <root url="jrt:///usr/lib/jvm/adoptopenjdk-11-hotspot-amd64!/jdk.zipfs" type="simple" />
          </root>
        </classPath>
        <javadocPath>
          <root type="composite" />
        </javadocPath>
        <sourcePath>
          <root type="composite">
            <root url="jar:///usr/lib/jvm/adoptopenjdk-11-hotspot-amd64/src.zip!/java.se" type="simple" />
            <root url="jar:///usr/lib/jvm/adoptopenjdk-11-hotspot-amd64/src.zip!/jdk.aot" type="simple" />
            <root url="jar:///usr/lib/jvm/adoptopenjdk-11-hotspot-amd64/src.zip!/jdk.jdi" type="simple" />
            <root url="jar:///usr/lib/jvm/adoptopenjdk-11-hotspot-amd64/src.zip!/jdk.jfr" type="simple" />
            <root url="jar:///usr/lib/jvm/adoptopenjdk-11-hotspot-amd64/src.zip!/jdk.net" type="simple" />
            <root url="jar:///usr/lib/jvm/adoptopenjdk-11-hotspot-amd64/src.zip!/java.rmi" type="simple" />
            <root url="jar:///usr/lib/jvm/adoptopenjdk-11-hotspot-amd64/src.zip!/java.sql" type="simple" />
            <root url="jar:///usr/lib/jvm/adoptopenjdk-11-hotspot-amd64/src.zip!/java.xml" type="simple" />
            <root url="jar:///usr/lib/jvm/adoptopenjdk-11-hotspot-amd64/src.zip!/jdk.jcmd" type="simple" />
            <root url="jar:///usr/lib/jvm/adoptopenjdk-11-hotspot-amd64/src.zip!/jdk.pack" type="simple" />
            <root url="jar:///usr/lib/jvm/adoptopenjdk-11-hotspot-amd64/src.zip!/jdk.rmic" type="simple" />
            <root url="jar:///usr/lib/jvm/adoptopenjdk-11-hotspot-amd64/src.zip!/jdk.sctp" type="simple" />
            <root url="jar:///usr/lib/jvm/adoptopenjdk-11-hotspot-amd64/src.zip!/java.base" type="simple" />
            <root url="jar:///usr/lib/jvm/adoptopenjdk-11-hotspot-amd64/src.zip!/jdk.jdeps" type="simple" />
            <root url="jar:///usr/lib/jvm/adoptopenjdk-11-hotspot-amd64/src.zip!/jdk.jlink" type="simple" />
            <root url="jar:///usr/lib/jvm/adoptopenjdk-11-hotspot-amd64/src.zip!/jdk.zipfs" type="simple" />
            <root url="jar:///usr/lib/jvm/adoptopenjdk-11-hotspot-amd64/src.zip!/java.prefs" type="simple" />
            <root url="jar:///usr/lib/jvm/adoptopenjdk-11-hotspot-amd64/src.zip!/jdk.attach" type="simple" />
            <root url="jar:///usr/lib/jvm/adoptopenjdk-11-hotspot-amd64/src.zip!/jdk.jshell" type="simple" />
            <root url="jar:///usr/lib/jvm/adoptopenjdk-11-hotspot-amd64/src.zip!/jdk.jstatd" type="simple" />
            <root url="jar:///usr/lib/jvm/adoptopenjdk-11-hotspot-amd64/src.zip!/java.naming" type="simple" />
            <root url="jar:///usr/lib/jvm/adoptopenjdk-11-hotspot-amd64/src.zip!/jdk.editpad" type="simple" />
            <root url="jar:///usr/lib/jvm/adoptopenjdk-11-hotspot-amd64/src.zip!/jdk.jartool" type="simple" />
            <root url="jar:///usr/lib/jvm/adoptopenjdk-11-hotspot-amd64/src.zip!/jdk.javadoc" type="simple" />
            <root url="jar:///usr/lib/jvm/adoptopenjdk-11-hotspot-amd64/src.zip!/jdk.xml.dom" type="simple" />
            <root url="jar:///usr/lib/jvm/adoptopenjdk-11-hotspot-amd64/src.zip!/java.desktop" type="simple" />
            <root url="jar:///usr/lib/jvm/adoptopenjdk-11-hotspot-amd64/src.zip!/java.logging" type="simple" />
            <root url="jar:///usr/lib/jvm/adoptopenjdk-11-hotspot-amd64/src.zip!/jdk.charsets" type="simple" />
            <root url="jar:///usr/lib/jvm/adoptopenjdk-11-hotspot-amd64/src.zip!/jdk.compiler" type="simple" />
            <root url="jar:///usr/lib/jvm/adoptopenjdk-11-hotspot-amd64/src.zip!/jdk.dynalink" type="simple" />
            <root url="jar:///usr/lib/jvm/adoptopenjdk-11-hotspot-amd64/src.zip!/jdk.jconsole" type="simple" />
            <root url="jar:///usr/lib/jvm/adoptopenjdk-11-hotspot-amd64/src.zip!/jdk.jsobject" type="simple" />
            <root url="jar:///usr/lib/jvm/adoptopenjdk-11-hotspot-amd64/src.zip!/java.compiler" type="simple" />
            <root url="jar:///usr/lib/jvm/adoptopenjdk-11-hotspot-amd64/src.zip!/java.net.http" type="simple" />
            <root url="jar:///usr/lib/jvm/adoptopenjdk-11-hotspot-amd64/src.zip!/jdk.crypto.ec" type="simple" />
            <root url="jar:///usr/lib/jvm/adoptopenjdk-11-hotspot-amd64/src.zip!/java.scripting" type="simple" />
            <root url="jar:///usr/lib/jvm/adoptopenjdk-11-hotspot-amd64/src.zip!/jdk.httpserver" type="simple" />
            <root url="jar:///usr/lib/jvm/adoptopenjdk-11-hotspot-amd64/src.zip!/jdk.jdwp.agent" type="simple" />
            <root url="jar:///usr/lib/jvm/adoptopenjdk-11-hotspot-amd64/src.zip!/jdk.localedata" type="simple" />
            <root url="jar:///usr/lib/jvm/adoptopenjdk-11-hotspot-amd64/src.zip!/jdk.management" type="simple" />
            <root url="jar:///usr/lib/jvm/adoptopenjdk-11-hotspot-amd64/src.zip!/jdk.naming.dns" type="simple" />
            <root url="jar:///usr/lib/jvm/adoptopenjdk-11-hotspot-amd64/src.zip!/jdk.naming.rmi" type="simple" />
            <root url="jar:///usr/lib/jvm/adoptopenjdk-11-hotspot-amd64/src.zip!/java.instrument" type="simple" />
            <root url="jar:///usr/lib/jvm/adoptopenjdk-11-hotspot-amd64/src.zip!/java.management" type="simple" />
            <root url="jar:///usr/lib/jvm/adoptopenjdk-11-hotspot-amd64/src.zip!/java.sql.rowset" type="simple" />
            <root url="jar:///usr/lib/jvm/adoptopenjdk-11-hotspot-amd64/src.zip!/java.xml.crypto" type="simple" />
            <root url="jar:///usr/lib/jvm/adoptopenjdk-11-hotspot-amd64/src.zip!/jdk.internal.ed" type="simple" />
            <root url="jar:///usr/lib/jvm/adoptopenjdk-11-hotspot-amd64/src.zip!/jdk.internal.le" type="simple" />
            <root url="jar:///usr/lib/jvm/adoptopenjdk-11-hotspot-amd64/src.zip!/jdk.naming.ldap" type="simple" />
            <root url="jar:///usr/lib/jvm/adoptopenjdk-11-hotspot-amd64/src.zip!/jdk.unsupported" type="simple" />
            <root url="jar:///usr/lib/jvm/adoptopenjdk-11-hotspot-amd64/src.zip!/java.smartcardio" type="simple" />
            <root url="jar:///usr/lib/jvm/adoptopenjdk-11-hotspot-amd64/src.zip!/jdk.internal.opt" type="simple" />
            <root url="jar:///usr/lib/jvm/adoptopenjdk-11-hotspot-amd64/src.zip!/java.datatransfer" type="simple" />
            <root url="jar:///usr/lib/jvm/adoptopenjdk-11-hotspot-amd64/src.zip!/jdk.accessibility" type="simple" />
            <root url="jar:///usr/lib/jvm/adoptopenjdk-11-hotspot-amd64/src.zip!/jdk.hotspot.agent" type="simple" />
            <root url="jar:///usr/lib/jvm/adoptopenjdk-11-hotspot-amd64/src.zip!/jdk.security.auth" type="simple" />
            <root url="jar:///usr/lib/jvm/adoptopenjdk-11-hotspot-amd64/src.zip!/jdk.security.jgss" type="simple" />
            <root url="jar:///usr/lib/jvm/adoptopenjdk-11-hotspot-amd64/src.zip!/java.security.jgss" type="simple" />
            <root url="jar:///usr/lib/jvm/adoptopenjdk-11-hotspot-amd64/src.zip!/java.security.sasl" type="simple" />
            <root url="jar:///usr/lib/jvm/adoptopenjdk-11-hotspot-amd64/src.zip!/jdk.internal.vm.ci" type="simple" />
            <root url="jar:///usr/lib/jvm/adoptopenjdk-11-hotspot-amd64/src.zip!/jdk.management.jfr" type="simple" />
            <root url="jar:///usr/lib/jvm/adoptopenjdk-11-hotspot-amd64/src.zip!/java.management.rmi" type="simple" />
            <root url="jar:///usr/lib/jvm/adoptopenjdk-11-hotspot-amd64/src.zip!/java.transaction.xa" type="simple" />
            <root url="jar:///usr/lib/jvm/adoptopenjdk-11-hotspot-amd64/src.zip!/jdk.crypto.cryptoki" type="simple" />
            <root url="jar:///usr/lib/jvm/adoptopenjdk-11-hotspot-amd64/src.zip!/jdk.internal.jvmstat" type="simple" />
            <root url="jar:///usr/lib/jvm/adoptopenjdk-11-hotspot-amd64/src.zip!/jdk.management.agent" type="simple" />
            <root url="jar:///usr/lib/jvm/adoptopenjdk-11-hotspot-amd64/src.zip!/jdk.scripting.nashorn" type="simple" />
            <root url="jar:///usr/lib/jvm/adoptopenjdk-11-hotspot-amd64/src.zip!/jdk.unsupported.desktop" type="simple" />
            <root url="jar:///usr/lib/jvm/adoptopenjdk-11-hotspot-amd64/src.zip!/jdk.internal.vm.compiler" type="simple" />
            <root url="jar:///usr/lib/jvm/adoptopenjdk-11-hotspot-amd64/src.zip!/jdk.scripting.nashorn.shell" type="simple" />
            <root url="jar:///usr/lib/jvm/adoptopenjdk-11-hotspot-amd64/src.zip!/jdk.internal.vm.compiler.management" type="simple" />
          </root>
        </sourcePath>
      </roots>
      <additional />
    </jdk>
    <jdk version="2">
      <name value="Python 3.8" />
      <type value="Python SDK" />
      <version value="Python 3.8.10" />
      <homePath value="/usr/bin/python3.8" />
      <roots>
        <annotationsPath>
          <root type="composite" />
        </annotationsPath>
        <classPath>
          <root type="composite" />
        </classPath>
        <javadocPath>
          <root type="composite" />
        </javadocPath>
        <sourcePath>
          <root type="composite" />
        </sourcePath>
      </roots>
      <additional />
    </jdk>
    <jdk version="2">
      <name value="Python 3.8 (2)" />
      <type value="Python SDK" />
      <version value="Python 3.8.10" />
      <homePath value="/usr/bin/python3" />
      <roots>
        <annotationsPath>
          <root type="composite" />
        </annotationsPath>
        <classPath>
          <root type="composite">
            <root url="file:///usr/lib/python3.8" type="simple" />
            <root url="file:///usr/lib/python3.8/lib-dynload" type="simple" />
            <root url="file://$USER_HOME$/.local/lib/python3.8/site-packages" type="simple" />
            <root url="file:///usr/local/lib/python3.8/dist-packages" type="simple" />
            <root url="file:///usr/lib/python3/dist-packages" type="simple" />
            <root url="file://$USER_HOME$/.cache/JetBrains/IntelliJIdea2022.2/python_stubs/-2066100795" type="simple" />
            <root url="file://$APPLICATION_PLUGINS_DIR$/python/helpers/python-skeletons" type="simple" />
            <root url="file://$APPLICATION_PLUGINS_DIR$/python/helpers/typeshed/stdlib" type="simple" />
            <root url="file://$APPLICATION_PLUGINS_DIR$/python/helpers/typeshed/stubs/six" type="simple" />
            <root url="file://$APPLICATION_PLUGINS_DIR$/python/helpers/typeshed/stubs/boto" type="simple" />
            <root url="file://$APPLICATION_PLUGINS_DIR$/python/helpers/typeshed/stubs/mock" type="simple" />
            <root url="file://$APPLICATION_PLUGINS_DIR$/python/helpers/typeshed/stubs/pytz" type="simple" />
            <root url="file://$APPLICATION_PLUGINS_DIR$/python/helpers/typeshed/stubs/toml" type="simple" />
            <root url="file://$APPLICATION_PLUGINS_DIR$/python/helpers/typeshed/stubs/annoy" type="simple" />
            <root url="file://$APPLICATION_PLUGINS_DIR$/python/helpers/typeshed/stubs/babel" type="simple" />
            <root url="file://$APPLICATION_PLUGINS_DIR$/python/helpers/typeshed/stubs/emoji" type="simple" />
            <root url="file://$APPLICATION_PLUGINS_DIR$/python/helpers/typeshed/stubs/first" type="simple" />
            <root url="file://$APPLICATION_PLUGINS_DIR$/python/helpers/typeshed/stubs/fpdf2" type="simple" />
            <root url="file://$APPLICATION_PLUGINS_DIR$/python/helpers/typeshed/stubs/ldap3" type="simple" />
            <root url="file://$APPLICATION_PLUGINS_DIR$/python/helpers/typeshed/stubs/polib" type="simple" />
            <root url="file://$APPLICATION_PLUGINS_DIR$/python/helpers/typeshed/stubs/redis" type="simple" />
            <root url="file://$APPLICATION_PLUGINS_DIR$/python/helpers/typeshed/stubs/regex" type="simple" />
            <root url="file://$APPLICATION_PLUGINS_DIR$/python/helpers/typeshed/stubs/retry" type="simple" />
            <root url="file://$APPLICATION_PLUGINS_DIR$/python/helpers/typeshed/stubs/ujson" type="simple" />
            <root url="file://$APPLICATION_PLUGINS_DIR$/python/helpers/typeshed/stubs/Pillow" type="simple" />
            <root url="file://$APPLICATION_PLUGINS_DIR$/python/helpers/typeshed/stubs/PyYAML" type="simple" />
            <root url="file://$APPLICATION_PLUGINS_DIR$/python/helpers/typeshed/stubs/bleach" type="simple" />
            <root url="file://$APPLICATION_PLUGINS_DIR$/python/helpers/typeshed/stubs/caldav" type="simple" />
            <root url="file://$APPLICATION_PLUGINS_DIR$/python/helpers/typeshed/stubs/docopt" type="simple" />
            <root url="file://$APPLICATION_PLUGINS_DIR$/python/helpers/typeshed/stubs/enum34" type="simple" />
            <root url="file://$APPLICATION_PLUGINS_DIR$/python/helpers/typeshed/stubs/hdbcli" type="simple" />
            <root url="file://$APPLICATION_PLUGINS_DIR$/python/helpers/typeshed/stubs/invoke" type="simple" />
            <root url="file://$APPLICATION_PLUGINS_DIR$/python/helpers/typeshed/stubs/passpy" type="simple" />
            <root url="file://$APPLICATION_PLUGINS_DIR$/python/helpers/typeshed/stubs/psutil" type="simple" />
            <root url="file://$APPLICATION_PLUGINS_DIR$/python/helpers/typeshed/stubs/pycurl" type="simple" />
            <root url="file://$APPLICATION_PLUGINS_DIR$/python/helpers/typeshed/stubs/pynput" type="simple" />
            <root url="file://$APPLICATION_PLUGINS_DIR$/python/helpers/typeshed/stubs/pysftp" type="simple" />
            <root url="file://$APPLICATION_PLUGINS_DIR$/python/helpers/typeshed/stubs/stripe" type="simple" />
            <root url="file://$APPLICATION_PLUGINS_DIR$/python/helpers/typeshed/stubs/xxhash" type="simple" />
            <root url="file://$APPLICATION_PLUGINS_DIR$/python/helpers/typeshed/stubs/PyMySQL" type="simple" />
            <root url="file://$APPLICATION_PLUGINS_DIR$/python/helpers/typeshed/stubs/appdirs" type="simple" />
            <root url="file://$APPLICATION_PLUGINS_DIR$/python/helpers/typeshed/stubs/certifi" type="simple" />
            <root url="file://$APPLICATION_PLUGINS_DIR$/python/helpers/typeshed/stubs/chardet" type="simple" />
            <root url="file://$APPLICATION_PLUGINS_DIR$/python/helpers/typeshed/stubs/chevron" type="simple" />
            <root url="file://$APPLICATION_PLUGINS_DIR$/python/helpers/typeshed/stubs/passlib" type="simple" />
            <root url="file://$APPLICATION_PLUGINS_DIR$/python/helpers/typeshed/stubs/pyaudio" type="simple" />
            <root url="file://$APPLICATION_PLUGINS_DIR$/python/helpers/typeshed/stubs/pyvmomi" type="simple" />
            <root url="file://$APPLICATION_PLUGINS_DIR$/python/helpers/typeshed/stubs/slumber" type="simple" />
            <root url="file://$APPLICATION_PLUGINS_DIR$/python/helpers/typeshed/stubs/tzlocal" type="simple" />
            <root url="file://$APPLICATION_PLUGINS_DIR$/python/helpers/typeshed/stubs/urllib3" type="simple" />
            <root url="file://$APPLICATION_PLUGINS_DIR$/python/helpers/typeshed/stubs/vobject" type="simple" />
            <root url="file://$APPLICATION_PLUGINS_DIR$/python/helpers/typeshed/stubs/Markdown" type="simple" />
            <root url="file://$APPLICATION_PLUGINS_DIR$/python/helpers/typeshed/stubs/Pygments" type="simple" />
            <root url="file://$APPLICATION_PLUGINS_DIR$/python/helpers/typeshed/stubs/aiofiles" type="simple" />
            <root url="file://$APPLICATION_PLUGINS_DIR$/python/helpers/typeshed/stubs/colorama" type="simple" />
            <root url="file://$APPLICATION_PLUGINS_DIR$/python/helpers/typeshed/stubs/croniter" type="simple" />
            <root url="file://$APPLICATION_PLUGINS_DIR$/python/helpers/typeshed/stubs/docutils" type="simple" />
            <root url="file://$APPLICATION_PLUGINS_DIR$/python/helpers/typeshed/stubs/filelock" type="simple" />
            <root url="file://$APPLICATION_PLUGINS_DIR$/python/helpers/typeshed/stubs/html5lib" type="simple" />
            <root url="file://$APPLICATION_PLUGINS_DIR$/python/helpers/typeshed/stubs/httplib2" type="simple" />
            <root url="file://$APPLICATION_PLUGINS_DIR$/python/helpers/typeshed/stubs/jmespath" type="simple" />
            <root url="file://$APPLICATION_PLUGINS_DIR$/python/helpers/typeshed/stubs/oauthlib" type="simple" />
            <root url="file://$APPLICATION_PLUGINS_DIR$/python/helpers/typeshed/stubs/openpyxl" type="simple" />
            <root url="file://$APPLICATION_PLUGINS_DIR$/python/helpers/typeshed/stubs/paramiko" type="simple" />
            <root url="file://$APPLICATION_PLUGINS_DIR$/python/helpers/typeshed/stubs/psycopg2" type="simple" />
            <root url="file://$APPLICATION_PLUGINS_DIR$/python/helpers/typeshed/stubs/pyflakes" type="simple" />
            <root url="file://$APPLICATION_PLUGINS_DIR$/python/helpers/typeshed/stubs/requests" type="simple" />
            <root url="file://$APPLICATION_PLUGINS_DIR$/python/helpers/typeshed/stubs/selenium" type="simple" />
            <root url="file://$APPLICATION_PLUGINS_DIR$/python/helpers/typeshed/stubs/tabulate" type="simple" />
            <root url="file://$APPLICATION_PLUGINS_DIR$/python/helpers/typeshed/stubs/toposort" type="simple" />
            <root url="file://$APPLICATION_PLUGINS_DIR$/python/helpers/typeshed/stubs/waitress" type="simple" />
            <root url="file://$APPLICATION_PLUGINS_DIR$/python/helpers/typeshed/stubs/braintree" type="simple" />
            <root url="file://$APPLICATION_PLUGINS_DIR$/python/helpers/typeshed/stubs/decorator" type="simple" />
            <root url="file://$APPLICATION_PLUGINS_DIR$/python/helpers/typeshed/stubs/freezegun" type="simple" />
            <root url="file://$APPLICATION_PLUGINS_DIR$/python/helpers/typeshed/stubs/ipaddress" type="simple" />
            <root url="file://$APPLICATION_PLUGINS_DIR$/python/helpers/typeshed/stubs/playsound" type="simple" />
            <root url="file://$APPLICATION_PLUGINS_DIR$/python/helpers/typeshed/stubs/pyOpenSSL" type="simple" />
            <root url="file://$APPLICATION_PLUGINS_DIR$/python/helpers/typeshed/stubs/pyRFC3339" type="simple" />
            <root url="file://$APPLICATION_PLUGINS_DIR$/python/helpers/typeshed/stubs/termcolor" type="simple" />
            <root url="file://$APPLICATION_PLUGINS_DIR$/python/helpers/typeshed/stubs/ttkthemes" type="simple" />
            <root url="file://$APPLICATION_PLUGINS_DIR$/python/helpers/typeshed/stubs/typed-ast" type="simple" />
            <root url="file://$APPLICATION_PLUGINS_DIR$/python/helpers/typeshed/stubs/Deprecated" type="simple" />
            <root url="file://$APPLICATION_PLUGINS_DIR$/python/helpers/typeshed/stubs/Flask-Cors" type="simple" />
            <root url="file://$APPLICATION_PLUGINS_DIR$/python/helpers/typeshed/stubs/SQLAlchemy" type="simple" />
            <root url="file://$APPLICATION_PLUGINS_DIR$/python/helpers/typeshed/stubs/Send2Trash" type="simple" />
            <root url="file://$APPLICATION_PLUGINS_DIR$/python/helpers/typeshed/stubs/cachetools" type="simple" />
            <root url="file://$APPLICATION_PLUGINS_DIR$/python/helpers/typeshed/stubs/commonmark" type="simple" />
            <root url="file://$APPLICATION_PLUGINS_DIR$/python/helpers/typeshed/stubs/dateparser" type="simple" />
            <root url="file://$APPLICATION_PLUGINS_DIR$/python/helpers/typeshed/stubs/frozendict" type="simple" />
            <root url="file://$APPLICATION_PLUGINS_DIR$/python/helpers/typeshed/stubs/jsonschema" type="simple" />
            <root url="file://$APPLICATION_PLUGINS_DIR$/python/helpers/typeshed/stubs/pyfarmhash" type="simple" />
            <root url="file://$APPLICATION_PLUGINS_DIR$/python/helpers/typeshed/stubs/setuptools" type="simple" />
            <root url="file://$APPLICATION_PLUGINS_DIR$/python/helpers/typeshed/stubs/simplejson" type="simple" />
            <root url="file://$APPLICATION_PLUGINS_DIR$/python/helpers/typeshed/stubs/JACK-Client" type="simple" />
            <root url="file://$APPLICATION_PLUGINS_DIR$/python/helpers/typeshed/stubs/contextvars" type="simple" />
            <root url="file://$APPLICATION_PLUGINS_DIR$/python/helpers/typeshed/stubs/dataclasses" type="simple" />
            <root url="file://$APPLICATION_PLUGINS_DIR$/python/helpers/typeshed/stubs/entrypoints" type="simple" />
            <root url="file://$APPLICATION_PLUGINS_DIR$/python/helpers/typeshed/stubs/flake8-2020" type="simple" />
            <root url="file://$APPLICATION_PLUGINS_DIR$/python/helpers/typeshed/stubs/mysqlclient" type="simple" />
            <root url="file://$APPLICATION_PLUGINS_DIR$/python/helpers/typeshed/stubs/opentracing" type="simple" />
            <root url="file://$APPLICATION_PLUGINS_DIR$/python/helpers/typeshed/stubs/pep8-naming" type="simple" />
            <root url="file://$APPLICATION_PLUGINS_DIR$/python/helpers/typeshed/stubs/prettytable" type="simple" />
            <root url="file://$APPLICATION_PLUGINS_DIR$/python/helpers/typeshed/stubs/python-nmap" type="simple" />
            <root url="file://$APPLICATION_PLUGINS_DIR$/python/helpers/typeshed/stubs/atomicwrites" type="simple" />
            <root url="file://$APPLICATION_PLUGINS_DIR$/python/helpers/typeshed/stubs/aws-xray-sdk" type="simple" />
            <root url="file://$APPLICATION_PLUGINS_DIR$/python/helpers/typeshed/stubs/cryptography" type="simple" />
            <root url="file://$APPLICATION_PLUGINS_DIR$/python/helpers/typeshed/stubs/editdistance" type="simple" />
            <root url="file://$APPLICATION_PLUGINS_DIR$/python/helpers/typeshed/stubs/DateTimeRange" type="simple" />
            <root url="file://$APPLICATION_PLUGINS_DIR$/python/helpers/typeshed/stubs/backports_abc" type="simple" />
            <root url="file://$APPLICATION_PLUGINS_DIR$/python/helpers/typeshed/stubs/click-spinner" type="simple" />
            <root url="file://$APPLICATION_PLUGINS_DIR$/python/helpers/typeshed/stubs/humanfriendly" type="simple" />
            <root url="file://$APPLICATION_PLUGINS_DIR$/python/helpers/typeshed/stubs/python-gflags" type="simple" />
            <root url="file://$APPLICATION_PLUGINS_DIR$/python/helpers/typeshed/stubs/beautifulsoup4" type="simple" />
            <root url="file://$APPLICATION_PLUGINS_DIR$/python/helpers/typeshed/stubs/characteristic" type="simple" />
            <root url="file://$APPLICATION_PLUGINS_DIR$/python/helpers/typeshed/stubs/flake8-bugbear" type="simple" />
            <root url="file://$APPLICATION_PLUGINS_DIR$/python/helpers/typeshed/stubs/python-slugify" type="simple" />
            <root url="file://$APPLICATION_PLUGINS_DIR$/python/helpers/typeshed/stubs/singledispatch" type="simple" />
            <root url="file://$APPLICATION_PLUGINS_DIR$/python/helpers/typeshed/stubs/flake8-builtins" type="simple" />
            <root url="file://$APPLICATION_PLUGINS_DIR$/python/helpers/typeshed/stubs/flake8-simplify" type="simple" />
            <root url="file://$APPLICATION_PLUGINS_DIR$/python/helpers/typeshed/stubs/mypy-extensions" type="simple" />
            <root url="file://$APPLICATION_PLUGINS_DIR$/python/helpers/typeshed/stubs/python-dateutil" type="simple" />
            <root url="file://$APPLICATION_PLUGINS_DIR$/python/helpers/typeshed/stubs/Flask-SQLAlchemy" type="simple" />
            <root url="file://$APPLICATION_PLUGINS_DIR$/python/helpers/typeshed/stubs/flake8-docstrings" type="simple" />
            <root url="file://$APPLICATION_PLUGINS_DIR$/python/helpers/typeshed/stubs/flake8-plugin-utils" type="simple" />
            <root url="file://$APPLICATION_PLUGINS_DIR$/python/helpers/typeshed/stubs/pytest-lazy-fixture" type="simple" />
            <root url="file://$APPLICATION_PLUGINS_DIR$/python/helpers/typeshed/stubs/flake8-rst-docstrings" type="simple" />
            <root url="file://$APPLICATION_PLUGINS_DIR$/python/helpers/typeshed/stubs/flake8-typing-imports" type="simple" />
            <root url="file://$APPLICATION_PLUGINS_DIR$/python/helpers/typeshed/stubs/backports.ssl_match_hostname" type="simple" />
          </root>
        </classPath>
        <javadocPath>
          <root type="composite" />
        </javadocPath>
        <sourcePath>
          <root type="composite" />
        </sourcePath>
      </roots>
      <additional />
    </jdk>
    <jdk version="2">
      <name value="corretto-17" />
      <type value="JavaSDK" />
      <version value="java version &quot;17.0.6&quot;" />
      <homePath value="$USER_HOME$/.jdks/corretto-17.0.6" />
      <roots>
        <annotationsPath>
          <root type="composite">
            <root url="jar://$APPLICATION_HOME_DIR$/plugins/java/lib/resources/jdkAnnotations.jar!/" type="simple" />
          </root>
        </annotationsPath>
        <classPath>
          <root type="composite">
            <root url="jrt:///home/awozniacki/.jdks/corretto-17.0.6!/java.base" type="simple" />
            <root url="jrt:///home/awozniacki/.jdks/corretto-17.0.6!/java.compiler" type="simple" />
            <root url="jrt:///home/awozniacki/.jdks/corretto-17.0.6!/java.datatransfer" type="simple" />
            <root url="jrt:///home/awozniacki/.jdks/corretto-17.0.6!/java.desktop" type="simple" />
            <root url="jrt:///home/awozniacki/.jdks/corretto-17.0.6!/java.instrument" type="simple" />
            <root url="jrt:///home/awozniacki/.jdks/corretto-17.0.6!/java.logging" type="simple" />
            <root url="jrt:///home/awozniacki/.jdks/corretto-17.0.6!/java.management" type="simple" />
            <root url="jrt:///home/awozniacki/.jdks/corretto-17.0.6!/java.management.rmi" type="simple" />
            <root url="jrt:///home/awozniacki/.jdks/corretto-17.0.6!/java.naming" type="simple" />
            <root url="jrt:///home/awozniacki/.jdks/corretto-17.0.6!/java.net.http" type="simple" />
            <root url="jrt:///home/awozniacki/.jdks/corretto-17.0.6!/java.prefs" type="simple" />
            <root url="jrt:///home/awozniacki/.jdks/corretto-17.0.6!/java.rmi" type="simple" />
            <root url="jrt:///home/awozniacki/.jdks/corretto-17.0.6!/java.scripting" type="simple" />
            <root url="jrt:///home/awozniacki/.jdks/corretto-17.0.6!/java.se" type="simple" />
            <root url="jrt:///home/awozniacki/.jdks/corretto-17.0.6!/java.security.jgss" type="simple" />
            <root url="jrt:///home/awozniacki/.jdks/corretto-17.0.6!/java.security.sasl" type="simple" />
            <root url="jrt:///home/awozniacki/.jdks/corretto-17.0.6!/java.smartcardio" type="simple" />
            <root url="jrt:///home/awozniacki/.jdks/corretto-17.0.6!/java.sql" type="simple" />
            <root url="jrt:///home/awozniacki/.jdks/corretto-17.0.6!/java.sql.rowset" type="simple" />
            <root url="jrt:///home/awozniacki/.jdks/corretto-17.0.6!/java.transaction.xa" type="simple" />
            <root url="jrt:///home/awozniacki/.jdks/corretto-17.0.6!/java.xml" type="simple" />
            <root url="jrt:///home/awozniacki/.jdks/corretto-17.0.6!/java.xml.crypto" type="simple" />
            <root url="jrt:///home/awozniacki/.jdks/corretto-17.0.6!/jdk.accessibility" type="simple" />
            <root url="jrt:///home/awozniacki/.jdks/corretto-17.0.6!/jdk.attach" type="simple" />
            <root url="jrt:///home/awozniacki/.jdks/corretto-17.0.6!/jdk.charsets" type="simple" />
            <root url="jrt:///home/awozniacki/.jdks/corretto-17.0.6!/jdk.compiler" type="simple" />
            <root url="jrt:///home/awozniacki/.jdks/corretto-17.0.6!/jdk.crypto.cryptoki" type="simple" />
            <root url="jrt:///home/awozniacki/.jdks/corretto-17.0.6!/jdk.crypto.ec" type="simple" />
            <root url="jrt:///home/awozniacki/.jdks/corretto-17.0.6!/jdk.dynalink" type="simple" />
            <root url="jrt:///home/awozniacki/.jdks/corretto-17.0.6!/jdk.editpad" type="simple" />
            <root url="jrt:///home/awozniacki/.jdks/corretto-17.0.6!/jdk.hotspot.agent" type="simple" />
            <root url="jrt:///home/awozniacki/.jdks/corretto-17.0.6!/jdk.httpserver" type="simple" />
            <root url="jrt:///home/awozniacki/.jdks/corretto-17.0.6!/jdk.incubator.foreign" type="simple" />
            <root url="jrt:///home/awozniacki/.jdks/corretto-17.0.6!/jdk.incubator.vector" type="simple" />
            <root url="jrt:///home/awozniacki/.jdks/corretto-17.0.6!/jdk.internal.ed" type="simple" />
            <root url="jrt:///home/awozniacki/.jdks/corretto-17.0.6!/jdk.internal.jvmstat" type="simple" />
            <root url="jrt:///home/awozniacki/.jdks/corretto-17.0.6!/jdk.internal.le" type="simple" />
            <root url="jrt:///home/awozniacki/.jdks/corretto-17.0.6!/jdk.internal.opt" type="simple" />
            <root url="jrt:///home/awozniacki/.jdks/corretto-17.0.6!/jdk.internal.vm.ci" type="simple" />
            <root url="jrt:///home/awozniacki/.jdks/corretto-17.0.6!/jdk.internal.vm.compiler" type="simple" />
            <root url="jrt:///home/awozniacki/.jdks/corretto-17.0.6!/jdk.internal.vm.compiler.management" type="simple" />
            <root url="jrt:///home/awozniacki/.jdks/corretto-17.0.6!/jdk.jartool" type="simple" />
            <root url="jrt:///home/awozniacki/.jdks/corretto-17.0.6!/jdk.javadoc" type="simple" />
            <root url="jrt:///home/awozniacki/.jdks/corretto-17.0.6!/jdk.jcmd" type="simple" />
            <root url="jrt:///home/awozniacki/.jdks/corretto-17.0.6!/jdk.jconsole" type="simple" />
            <root url="jrt:///home/awozniacki/.jdks/corretto-17.0.6!/jdk.jdeps" type="simple" />
            <root url="jrt:///home/awozniacki/.jdks/corretto-17.0.6!/jdk.jdi" type="simple" />
            <root url="jrt:///home/awozniacki/.jdks/corretto-17.0.6!/jdk.jdwp.agent" type="simple" />
            <root url="jrt:///home/awozniacki/.jdks/corretto-17.0.6!/jdk.jfr" type="simple" />
            <root url="jrt:///home/awozniacki/.jdks/corretto-17.0.6!/jdk.jlink" type="simple" />
            <root url="jrt:///home/awozniacki/.jdks/corretto-17.0.6!/jdk.jpackage" type="simple" />
            <root url="jrt:///home/awozniacki/.jdks/corretto-17.0.6!/jdk.jshell" type="simple" />
            <root url="jrt:///home/awozniacki/.jdks/corretto-17.0.6!/jdk.jsobject" type="simple" />
            <root url="jrt:///home/awozniacki/.jdks/corretto-17.0.6!/jdk.jstatd" type="simple" />
            <root url="jrt:///home/awozniacki/.jdks/corretto-17.0.6!/jdk.localedata" type="simple" />
            <root url="jrt:///home/awozniacki/.jdks/corretto-17.0.6!/jdk.management" type="simple" />
            <root url="jrt:///home/awozniacki/.jdks/corretto-17.0.6!/jdk.management.agent" type="simple" />
            <root url="jrt:///home/awozniacki/.jdks/corretto-17.0.6!/jdk.management.jfr" type="simple" />
            <root url="jrt:///home/awozniacki/.jdks/corretto-17.0.6!/jdk.naming.dns" type="simple" />
            <root url="jrt:///home/awozniacki/.jdks/corretto-17.0.6!/jdk.naming.rmi" type="simple" />
            <root url="jrt:///home/awozniacki/.jdks/corretto-17.0.6!/jdk.net" type="simple" />
            <root url="jrt:///home/awozniacki/.jdks/corretto-17.0.6!/jdk.nio.mapmode" type="simple" />
            <root url="jrt:///home/awozniacki/.jdks/corretto-17.0.6!/jdk.random" type="simple" />
            <root url="jrt:///home/awozniacki/.jdks/corretto-17.0.6!/jdk.sctp" type="simple" />
            <root url="jrt:///home/awozniacki/.jdks/corretto-17.0.6!/jdk.security.auth" type="simple" />
            <root url="jrt:///home/awozniacki/.jdks/corretto-17.0.6!/jdk.security.jgss" type="simple" />
            <root url="jrt:///home/awozniacki/.jdks/corretto-17.0.6!/jdk.unsupported" type="simple" />
            <root url="jrt:///home/awozniacki/.jdks/corretto-17.0.6!/jdk.unsupported.desktop" type="simple" />
            <root url="jrt:///home/awozniacki/.jdks/corretto-17.0.6!/jdk.xml.dom" type="simple" />
            <root url="jrt:///home/awozniacki/.jdks/corretto-17.0.6!/jdk.zipfs" type="simple" />
          </root>
        </classPath>
        <javadocPath>
          <root type="composite" />
        </javadocPath>
        <sourcePath>
          <root type="composite">
            <root url="jar://$USER_HOME$/.jdks/corretto-17.0.6/lib/src.zip!/java.se" type="simple" />
            <root url="jar://$USER_HOME$/.jdks/corretto-17.0.6/lib/src.zip!/jdk.jdi" type="simple" />
            <root url="jar://$USER_HOME$/.jdks/corretto-17.0.6/lib/src.zip!/jdk.jfr" type="simple" />
            <root url="jar://$USER_HOME$/.jdks/corretto-17.0.6/lib/src.zip!/jdk.net" type="simple" />
            <root url="jar://$USER_HOME$/.jdks/corretto-17.0.6/lib/src.zip!/java.rmi" type="simple" />
            <root url="jar://$USER_HOME$/.jdks/corretto-17.0.6/lib/src.zip!/java.sql" type="simple" />
            <root url="jar://$USER_HOME$/.jdks/corretto-17.0.6/lib/src.zip!/java.xml" type="simple" />
            <root url="jar://$USER_HOME$/.jdks/corretto-17.0.6/lib/src.zip!/jdk.jcmd" type="simple" />
            <root url="jar://$USER_HOME$/.jdks/corretto-17.0.6/lib/src.zip!/jdk.sctp" type="simple" />
            <root url="jar://$USER_HOME$/.jdks/corretto-17.0.6/lib/src.zip!/java.base" type="simple" />
            <root url="jar://$USER_HOME$/.jdks/corretto-17.0.6/lib/src.zip!/jdk.jdeps" type="simple" />
            <root url="jar://$USER_HOME$/.jdks/corretto-17.0.6/lib/src.zip!/jdk.jlink" type="simple" />
            <root url="jar://$USER_HOME$/.jdks/corretto-17.0.6/lib/src.zip!/jdk.zipfs" type="simple" />
            <root url="jar://$USER_HOME$/.jdks/corretto-17.0.6/lib/src.zip!/java.prefs" type="simple" />
            <root url="jar://$USER_HOME$/.jdks/corretto-17.0.6/lib/src.zip!/jdk.attach" type="simple" />
            <root url="jar://$USER_HOME$/.jdks/corretto-17.0.6/lib/src.zip!/jdk.jshell" type="simple" />
            <root url="jar://$USER_HOME$/.jdks/corretto-17.0.6/lib/src.zip!/jdk.jstatd" type="simple" />
            <root url="jar://$USER_HOME$/.jdks/corretto-17.0.6/lib/src.zip!/jdk.random" type="simple" />
            <root url="jar://$USER_HOME$/.jdks/corretto-17.0.6/lib/src.zip!/java.naming" type="simple" />
            <root url="jar://$USER_HOME$/.jdks/corretto-17.0.6/lib/src.zip!/jdk.editpad" type="simple" />
            <root url="jar://$USER_HOME$/.jdks/corretto-17.0.6/lib/src.zip!/jdk.jartool" type="simple" />
            <root url="jar://$USER_HOME$/.jdks/corretto-17.0.6/lib/src.zip!/jdk.javadoc" type="simple" />
            <root url="jar://$USER_HOME$/.jdks/corretto-17.0.6/lib/src.zip!/jdk.xml.dom" type="simple" />
            <root url="jar://$USER_HOME$/.jdks/corretto-17.0.6/lib/src.zip!/java.desktop" type="simple" />
            <root url="jar://$USER_HOME$/.jdks/corretto-17.0.6/lib/src.zip!/java.logging" type="simple" />
            <root url="jar://$USER_HOME$/.jdks/corretto-17.0.6/lib/src.zip!/jdk.charsets" type="simple" />
            <root url="jar://$USER_HOME$/.jdks/corretto-17.0.6/lib/src.zip!/jdk.compiler" type="simple" />
            <root url="jar://$USER_HOME$/.jdks/corretto-17.0.6/lib/src.zip!/jdk.dynalink" type="simple" />
            <root url="jar://$USER_HOME$/.jdks/corretto-17.0.6/lib/src.zip!/jdk.jconsole" type="simple" />
            <root url="jar://$USER_HOME$/.jdks/corretto-17.0.6/lib/src.zip!/jdk.jpackage" type="simple" />
            <root url="jar://$USER_HOME$/.jdks/corretto-17.0.6/lib/src.zip!/jdk.jsobject" type="simple" />
            <root url="jar://$USER_HOME$/.jdks/corretto-17.0.6/lib/src.zip!/java.compiler" type="simple" />
            <root url="jar://$USER_HOME$/.jdks/corretto-17.0.6/lib/src.zip!/java.net.http" type="simple" />
            <root url="jar://$USER_HOME$/.jdks/corretto-17.0.6/lib/src.zip!/jdk.crypto.ec" type="simple" />
            <root url="jar://$USER_HOME$/.jdks/corretto-17.0.6/lib/src.zip!/java.scripting" type="simple" />
            <root url="jar://$USER_HOME$/.jdks/corretto-17.0.6/lib/src.zip!/jdk.httpserver" type="simple" />
            <root url="jar://$USER_HOME$/.jdks/corretto-17.0.6/lib/src.zip!/jdk.jdwp.agent" type="simple" />
            <root url="jar://$USER_HOME$/.jdks/corretto-17.0.6/lib/src.zip!/jdk.localedata" type="simple" />
            <root url="jar://$USER_HOME$/.jdks/corretto-17.0.6/lib/src.zip!/jdk.management" type="simple" />
            <root url="jar://$USER_HOME$/.jdks/corretto-17.0.6/lib/src.zip!/jdk.naming.dns" type="simple" />
            <root url="jar://$USER_HOME$/.jdks/corretto-17.0.6/lib/src.zip!/jdk.naming.rmi" type="simple" />
            <root url="jar://$USER_HOME$/.jdks/corretto-17.0.6/lib/src.zip!/java.instrument" type="simple" />
            <root url="jar://$USER_HOME$/.jdks/corretto-17.0.6/lib/src.zip!/java.management" type="simple" />
            <root url="jar://$USER_HOME$/.jdks/corretto-17.0.6/lib/src.zip!/java.sql.rowset" type="simple" />
            <root url="jar://$USER_HOME$/.jdks/corretto-17.0.6/lib/src.zip!/java.xml.crypto" type="simple" />
            <root url="jar://$USER_HOME$/.jdks/corretto-17.0.6/lib/src.zip!/jdk.internal.ed" type="simple" />
            <root url="jar://$USER_HOME$/.jdks/corretto-17.0.6/lib/src.zip!/jdk.internal.le" type="simple" />
            <root url="jar://$USER_HOME$/.jdks/corretto-17.0.6/lib/src.zip!/jdk.nio.mapmode" type="simple" />
            <root url="jar://$USER_HOME$/.jdks/corretto-17.0.6/lib/src.zip!/jdk.unsupported" type="simple" />
            <root url="jar://$USER_HOME$/.jdks/corretto-17.0.6/lib/src.zip!/java.smartcardio" type="simple" />
            <root url="jar://$USER_HOME$/.jdks/corretto-17.0.6/lib/src.zip!/jdk.internal.opt" type="simple" />
            <root url="jar://$USER_HOME$/.jdks/corretto-17.0.6/lib/src.zip!/java.datatransfer" type="simple" />
            <root url="jar://$USER_HOME$/.jdks/corretto-17.0.6/lib/src.zip!/jdk.accessibility" type="simple" />
            <root url="jar://$USER_HOME$/.jdks/corretto-17.0.6/lib/src.zip!/jdk.hotspot.agent" type="simple" />
            <root url="jar://$USER_HOME$/.jdks/corretto-17.0.6/lib/src.zip!/jdk.security.auth" type="simple" />
            <root url="jar://$USER_HOME$/.jdks/corretto-17.0.6/lib/src.zip!/jdk.security.jgss" type="simple" />
            <root url="jar://$USER_HOME$/.jdks/corretto-17.0.6/lib/src.zip!/java.security.jgss" type="simple" />
            <root url="jar://$USER_HOME$/.jdks/corretto-17.0.6/lib/src.zip!/java.security.sasl" type="simple" />
            <root url="jar://$USER_HOME$/.jdks/corretto-17.0.6/lib/src.zip!/jdk.internal.vm.ci" type="simple" />
            <root url="jar://$USER_HOME$/.jdks/corretto-17.0.6/lib/src.zip!/jdk.management.jfr" type="simple" />
            <root url="jar://$USER_HOME$/.jdks/corretto-17.0.6/lib/src.zip!/java.management.rmi" type="simple" />
            <root url="jar://$USER_HOME$/.jdks/corretto-17.0.6/lib/src.zip!/java.transaction.xa" type="simple" />
            <root url="jar://$USER_HOME$/.jdks/corretto-17.0.6/lib/src.zip!/jdk.crypto.cryptoki" type="simple" />
            <root url="jar://$USER_HOME$/.jdks/corretto-17.0.6/lib/src.zip!/jdk.incubator.vector" type="simple" />
            <root url="jar://$USER_HOME$/.jdks/corretto-17.0.6/lib/src.zip!/jdk.internal.jvmstat" type="simple" />
            <root url="jar://$USER_HOME$/.jdks/corretto-17.0.6/lib/src.zip!/jdk.management.agent" type="simple" />
            <root url="jar://$USER_HOME$/.jdks/corretto-17.0.6/lib/src.zip!/jdk.incubator.foreign" type="simple" />
            <root url="jar://$USER_HOME$/.jdks/corretto-17.0.6/lib/src.zip!/jdk.unsupported.desktop" type="simple" />
            <root url="jar://$USER_HOME$/.jdks/corretto-17.0.6/lib/src.zip!/jdk.internal.vm.compiler" type="simple" />
            <root url="jar://$USER_HOME$/.jdks/corretto-17.0.6/lib/src.zip!/jdk.internal.vm.compiler.management" type="simple" />
          </root>
        </sourcePath>
      </roots>
      <additional />
    </jdk>
  </component>
</application>